[
    {
        "transactionName": "UC01_T01_OpenStartPage",
        "rawStartTime": 1648246998740,
        "rawEndTime": 1648246999191
    },
    {
        "transactionName": "UC01_T02_Login",
        "rawStartTime": 1648246999192,
        "rawEndTime": 1648246999668
    },
    {
        "transactionName": "UC01_T03_ChangeTabToFlights",
        "rawStartTime": 1648246999672,
        "rawEndTime": 1648247000340
    },
    {
        "transactionName": "UC01_T04_SelectCity",
        "rawStartTime": 1648247000344,
        "rawEndTime": 1648247001049
    },
    {
        "transactionName": "UC01_T05_SelectTicket",
        "rawStartTime": 1648247001051,
        "rawEndTime": 1648247001723
    },
    {
        "transactionName": "UC01_T06_PaymentDetails",
        "rawStartTime": 1648247001746,
        "rawEndTime": 1648247002199
    },
    {
        "transactionName": "UC01_T07_ChangeTabToItinerary",
        "rawStartTime": 1648247002200,
        "rawEndTime": 1648247003362
    },
    {
        "transactionName": "UC01_T08_Logout",
        "rawStartTime": 1648247003363,
        "rawEndTime": 1648247004178
    }
]