[
    {
        "transactionName": "UC01_T01_OpenStartPage",
        "rawStartTime": 1648246994672,
        "rawEndTime": 1648246995062
    },
    {
        "transactionName": "UC01_T02_Login",
        "rawStartTime": 1648246995063,
        "rawEndTime": 1648246995571
    },
    {
        "transactionName": "UC01_T03_ChangeTabToFlights",
        "rawStartTime": 1648246995586,
        "rawEndTime": 1648246996131
    },
    {
        "transactionName": "UC01_T04_SelectCity",
        "rawStartTime": 1648246996133,
        "rawEndTime": 1648246996471
    },
    {
        "transactionName": "UC01_T05_SelectTicket",
        "rawStartTime": 1648246996472,
        "rawEndTime": 1648246996807
    },
    {
        "transactionName": "UC01_T06_PaymentDetails",
        "rawStartTime": 1648246996809,
        "rawEndTime": 1648246997135
    },
    {
        "transactionName": "UC01_T07_ChangeTabToItinerary",
        "rawStartTime": 1648246997136,
        "rawEndTime": 1648246998197
    },
    {
        "transactionName": "UC01_T08_Logout",
        "rawStartTime": 1648246998245,
        "rawEndTime": 1648246998683
    }
]