[
    {
        "transactionName": "UC01_T01_OpenStartPage",
        "rawStartTime": 1648246990890,
        "rawEndTime": 1648246991230
    },
    {
        "transactionName": "UC01_T02_Login",
        "rawStartTime": 1648246991231,
        "rawEndTime": 1648246991710
    },
    {
        "transactionName": "UC01_T03_ChangeTabToFlights",
        "rawStartTime": 1648246991712,
        "rawEndTime": 1648246992207
    },
    {
        "transactionName": "UC01_T04_SelectCity",
        "rawStartTime": 1648246992217,
        "rawEndTime": 1648246992591
    },
    {
        "transactionName": "UC01_T05_SelectTicket",
        "rawStartTime": 1648246992593,
        "rawEndTime": 1648246992919
    },
    {
        "transactionName": "UC01_T06_PaymentDetails",
        "rawStartTime": 1648246992920,
        "rawEndTime": 1648246993223
    },
    {
        "transactionName": "UC01_T07_ChangeTabToItinerary",
        "rawStartTime": 1648246993237,
        "rawEndTime": 1648246994188
    },
    {
        "transactionName": "UC01_T08_Logout",
        "rawStartTime": 1648246994190,
        "rawEndTime": 1648246994654
    }
]