﻿<DataObject comparison="Ordinal">
  <Section id="">
    <Subsections>
      <Section id="General">
        <Subsections />
        <Entries>
          <Entry key="ElapsedTime">
            <double>37.185532599999995</double>
          </Entry>
          <Entry key="StartedAt">
            <dateTime>2022-03-26T01:23:05.1677123+03:00</dateTime>
          </Entry>
          <Entry key="EndedAt">
            <dateTime>2022-03-26T01:23:42.3532449+03:00</dateTime>
          </Entry>
          <Entry key="ReplayStatus">
            <LastReplayRunStatus>Passed</LastReplayRunStatus>
          </Entry>
          <Entry key="NumberOfReplayErrors">
            <int>0</int>
          </Entry>
          <Entry key="NumberOfReplayCriticalErrors">
            <int>0</int>
          </Entry>
          <Entry key="NumberOfCompilationErrors">
            <int>0</int>
          </Entry>
        </Entries>
      </Section>
    </Subsections>
    <Entries>
      <Entry key="Iterations">
        <int>7</int>
      </Entry>
    </Entries>
  </Section>
</DataObject>