﻿<?xml version="1.0"?>
<!DOCTYPE Report
[
<!ELEMENT Report (General ,(Doc|BPT)) >
<!ATTLIST Report ver CDATA #REQUIRED tmZone CDATA #REQUIRED>

<!ELEMENT General ( DocLocation ) >
<!ATTLIST General productName CDATA #REQUIRED productVer CDATA #REQUIRED os CDATA #REQUIRED host CDATA #REQUIRED qcserver CDATA #IMPLIED qcproject CDATA #IMPLIED SolManSolutionId CDATA #IMPLIED SolManProjectId CDATA #IMPLIED SolManTestPlanId CDATA #IMPLIED SolManTestPackageId CDATA #IMPLIED SolManUserInfoData CDATA #IMPLIED  >

<!ELEMENT BPT (DName,Res,DVer?,TSet?,TInst?,NodeArgs,AdditionalInfo*,Doc*) >
<!ATTLIST BPT rID ID #REQUIRED >

<!ELEMENT Doc (DName,ConfName?,Res,DVer?,TSet?,TInst?,RunType?,DT?,AdditionalInfo*,Step*,DIter*,Step*,Action*,Doc*,Summary?,TestMaintenanceSummary*,NodeArgs?) >
<!ATTLIST Doc rID ID #REQUIRED type (Test|BC|BPTWrapperTest|Flow|Group|Action) "Test" productName CDATA #REQUIRED BCIter CDATA #IMPLIED >

<!ELEMENT RunType ( #PCDATA )>
<!ATTLIST RunType fmStep (False|True) "False" batch (False|True) "False" upDesc (False|True) "False" upChk (False|True) "False" upAS (False|True) "False">

<!ELEMENT DName ( #PCDATA ) >

<!ELEMENT ConfName ( #PCDATA ) >

<!ELEMENT Res ( #PCDATA ) >

<!ELEMENT AdditionalInfo (AdditionalDataName,AdditionalDataValue ) >

<!ELEMENT AdditionalDataName ( #PCDATA ) >

<!ELEMENT AdditionalDataValue ( #PCDATA ) >

<!ELEMENT DVer ( #PCDATA ) >

<!ELEMENT TSet ( #PCDATA ) >

<!ELEMENT TInst ( #PCDATA ) >

<!ELEMENT DIter (Step*,Action+,Summary?,NodeArgs)>
<!ATTLIST DIter rID ID #REQUIRED iterID CDATA #REQUIRED>

<!ELEMENT DocLocation ( #PCDATA )>

<!ELEMENT Action (AName,AIter*,(Step|HtmlStep|Action)*, Summary,ActionMaintenanceSummary*, NodeArgs ) >
<!ATTLIST Action rID ID #REQUIRED>

<!ELEMENT AIter ((Step|HtmlStep|Action)*,DataMapping?, Summary?,NodeArgs) >
<!ATTLIST AIter rID ID #REQUIRED iterID CDATA #REQUIRED isCountable (False|True) "False" >

<!ELEMENT AName ( #PCDATA ) >

<!ELEMENT TestMaintenanceSummary (ActionMaintenanceSummary*) >
<!ATTLIST TestMaintenanceSummary ObjectsAdded CDATA #REQUIRED ObjectsUpdated CDATA #REQUIRED StepsUpdated CDATA #REQUIRED StepsComments CDATA #REQUIRED><!ELEMENT ActionMaintenanceSummary (ObjectChange* ) >
<!ATTLIST ActionMaintenanceSummary Action CDATA #REQUIRED Objects CDATA #REQUIRED Updated CDATA #REQUIRED LinesTotal CDATA #REQUIRED Added CDATA #REQUIRED LinesUpdated CDATA #REQUIRED>

<!ELEMENT ObjectChange  (Hierarchy, PropertyChangeList* ) >
<!ATTLIST ObjectChange Operation CDATA #IMPLIED OriginalRepository CDATA #IMPLIED>

<!ELEMENT PropertyChangeList (PropertyDef*) >

<!ELEMENT PropertyDef (OriginalValue, NewValue) >
<!ATTLIST PropertyDef PropName CDATA #REQUIRED OriginRegularExpression (True|False) "False" NewRegularExpression (True|False) "False" AddedProperty (True|False) "False" >

<!ELEMENT OriginalValue ( #PCDATA )>

<!ELEMENT NewValue ( #PCDATA )>

<!ELEMENT Hierarchy  (ObjectName, Hierarchy*) >
<!ATTLIST Hierarchy MicClass CDATA #REQUIRED>

<!ELEMENT ObjectName  ( #PCDATA ) >

<!ELEMENT Step (Obj,Details,Time,TimeTick* ,(Step|HtmlStep|Doc)*, DataMapping?, NodeArgs) >
<!ATTLIST Step rID ID #REQUIRED retval CDATA #IMPLIED>

<!ELEMENT HtmlStep (HTML,TimeTick*,(Step|HtmlStep|Doc)*,NodeArgs) >
<!ATTLIST HtmlStep rID ID #REQUIRED >

<!ELEMENT Obj ( #PCDATA ) >
<!ATTLIST Obj plainTxt (False|True) "True">

<!ELEMENT Details ( #PCDATA ) >
<!ATTLIST Details plainTxt (False|True) "True">

<!ELEMENT Time ( #PCDATA ) >

<!ELEMENT HTML ( #PCDATA ) >

<!ELEMENT Disp ( #PCDATA ) >

<!ELEMENT TimeTick ( #PCDATA ) >

<!ELEMENT DataMapping ( DataMappedItem* )>
<!ELEMENT DataMappedItem EMPTY >
<!ATTLIST DataMappedItem dsName CDATA #REQUIRED >
<!ATTLIST DataMappedItem rowId CDATA #REQUIRED >

<!ELEMENT NodeArgs (Disp,TopPane?,BtmPane?,ExtendedInfo? )>
<!ATTLIST NodeArgs eType CDATA #REQUIRED icon CDATA #REQUIRED nRep CDATA #REQUIRED UserNote CDATA #IMPLIED filter (False|True) "True">
<!ATTLIST NodeArgs status (Passed|Failed|Done|Warning|Information) "Done">
<!ATTLIST NodeArgs iconSel CDATA #IMPLIED nType CDATA #IMPLIED MovieMarker CDATA "">
<!ATTLIST NodeArgs Source CDATA #IMPLIED SourceLine CDATA #IMPLIED StepFlowItemKey CDATA #IMPLIED >

<!ELEMENT TopPane (Path)>

<!ELEMENT BtmPane ( (Path|WR)?,ASHilite?)>
<!ATTLIST BtmPane vType CDATA "HTML">

<!ELEMENT Path ( #PCDATA ) >

<!ELEMENT ASHilite ( #PCDATA ) >

<!ELEMENT WR ( #PCDATA ) >

<!ELEMENT ExtendedInfo ( StepData ) >

<!ATTLIST ExtendedInfo StepType CDATA #REQUIRED>
<!ELEMENT DT (NodeArgs) >
<!ATTLIST DT rID ID #REQUIRED>

<!ELEMENT Summary (Param*)>
<!ATTLIST Summary sTime CDATA #IMPLIED eTime CDATA #IMPLIED passed CDATA #IMPLIED failed CDATA #IMPLIED warnings CDATA #IMPLIED retval CDATA #IMPLIED stopped (False|True) "False" >

<!ELEMENT Param (ParamName,ParamVal)+ >
<!ATTLIST Param paramInOut (In|Out) "In">

<!ELEMENT ParamName ( #PCDATA ) >

<!ELEMENT ParamVal ( #PCDATA ) >

]
>
<Report ver="2.0" tmZone="RTZ 2 (зима)">
<General productName="Vugen" productVer="12" os="" host="DESKTOP-FPCDTIR"><DocLocation><![CDATA[C:\Users\bobor\OneDrive\Документы\VuGen\Scripts\UC01_WebTours]]></DocLocation></General>
<Doc rID="T1"   productName= "Vugen"  >
<DName><![CDATA[UC01_WebTours]]></DName>
<Res><![CDATA[result1]]></Res>
<Action rID="T2">
<AName><![CDATA[vuser_init]]></AName>
<Summary sTime="26.03.2022 - 1:23:05" eTime="26.03.2022 - 1:23:05" passed="0" failed="0" warnings="0" ></Summary>
<NodeArgs eType="StartAction" icon="2" nRep="5" >
<Disp><![CDATA[vuser_init Summary]]></Disp>
</NodeArgs>
</Action>
<DIter rID="T3" iterID="1" >
<Action rID="T4">
<AName><![CDATA[Action]]></AName>
<Step rID="T5">
<Obj plainTxt="False" ><![CDATA[Service: Reg Save Param RegExp]]></Obj>
<Details plainTxt="False" ><![CDATA[<CENTER>ParamName = <STRONG><FONT COLOR=#00AF00>userSession</FONT></STRONG><BR>RegExp = <STRONG><FONT COLOR=#00AF00>name="userSession" value="([^"]+)"/></FONT></STRONG><BR>Instance = <STRONG><FONT COLOR=#00AF00>1</FONT></STRONG></CENTER>]]></Details>
<Time><![CDATA[26.03.2022 - 1:23:06]]></Time>
<TimeTick>1648246986</TimeTick>
<NodeArgs eType="General" icon="4" nRep="9" >
<Disp><![CDATA[Service: Reg Save Param RegExp]]></Disp>
</NodeArgs>
</Step>
<Step rID="T6">
<Obj plainTxt="False" ><![CDATA[Url: WebTours]]></Obj>
<Details plainTxt="False" ><![CDATA[<CENTER><STRONG><FONT COLOR=#009A63>Step completed successfully</FONT></STRONG></CENTER>]]></Details>
<Time><![CDATA[26.03.2022 - 1:23:06]]></Time>
<TimeTick>1648246986</TimeTick>
<NodeArgs eType="General" icon="5" nRep="10" status="Passed" >
<Disp><![CDATA[Url: WebTours]]></Disp>
<BtmPane vType="HTMLSNSH" >
<Path><![CDATA[\Iteration1\t2.inf]]></Path>
</BtmPane>
</NodeArgs>
</Step>
<Step rID="T7">
<Obj plainTxt="False" ><![CDATA[Submit Data: login.pl]]></Obj>
<Details plainTxt="False" ><![CDATA[<CENTER><STRONG><FONT COLOR=#009A63>Step completed successfully</FONT></STRONG></CENTER>]]></Details>
<Time><![CDATA[26.03.2022 - 1:23:07]]></Time>
<TimeTick>1648246987</TimeTick>
<NodeArgs eType="General" icon="6" nRep="11" status="Passed" >
<Disp><![CDATA[Submit Data: login.pl]]></Disp>
<BtmPane vType="HTMLSNSH" >
<Path><![CDATA[\Iteration1\t3.inf]]></Path>
</BtmPane>
</NodeArgs>
</Step>
<Step rID="T8">
<Obj plainTxt="False" ><![CDATA[Service: Reg Save Param]]></Obj>
<Details plainTxt="False" ><![CDATA[<CENTER>ParamName =<STRONG><FONT COLOR=#00AF00>depart</FONT></STRONG><BR>Left Boundary = <STRONG><FONT COLOR=#00AF00>LB=<option value="</FONT></STRONG><BR>Right Boundary = <STRONG><FONT COLOR=#00AF00>RB="></FONT></STRONG><BR>Instance = <STRONG><FONT COLOR=#00AF00>Ord=ALL</FONT></STRONG></CENTER>]]></Details>
<Time><![CDATA[26.03.2022 - 1:23:07]]></Time>
<TimeTick>1648246987</TimeTick>
<NodeArgs eType="General" icon="4" nRep="12" >
<Disp><![CDATA[Service: Reg Save Param]]></Disp>
</NodeArgs>
</Step>
<Step rID="T9">
<Obj plainTxt="False" ><![CDATA[Service: Reg Save Param]]></Obj>
<Details plainTxt="False" ><![CDATA[<CENTER>ParamName =<STRONG><FONT COLOR=#00AF00>arrive</FONT></STRONG><BR>Left Boundary = <STRONG><FONT COLOR=#00AF00>LB=<option value="</FONT></STRONG><BR>Right Boundary = <STRONG><FONT COLOR=#00AF00>RB="></FONT></STRONG><BR>Instance = <STRONG><FONT COLOR=#00AF00>Ord=ALL</FONT></STRONG></CENTER>]]></Details>
<Time><![CDATA[26.03.2022 - 1:23:07]]></Time>
<TimeTick>1648246987</TimeTick>
<NodeArgs eType="General" icon="4" nRep="13" >
<Disp><![CDATA[Service: Reg Save Param]]></Disp>
</NodeArgs>
</Step>
<Step rID="T10">
<Obj plainTxt="False" ><![CDATA[Url: Search Flights Button]]></Obj>
<Details plainTxt="False" ><![CDATA[<CENTER><STRONG><FONT COLOR=#009A63>Step completed successfully</FONT></STRONG></CENTER>]]></Details>
<Time><![CDATA[26.03.2022 - 1:23:07]]></Time>
<TimeTick>1648246987</TimeTick>
<NodeArgs eType="General" icon="5" nRep="14" status="Passed" >
<Disp><![CDATA[Url: Search Flights Button]]></Disp>
<BtmPane vType="HTMLSNSH" >
<Path><![CDATA[\Iteration1\t4.inf]]></Path>
</BtmPane>
</NodeArgs>
</Step>
<Step rID="T11">
<Obj plainTxt="False" ><![CDATA[Service: Reg Save Param RegExp]]></Obj>
<Details plainTxt="False" ><![CDATA[<CENTER>ParamName = <STRONG><FONT COLOR=#00AF00>outboundFlight</FONT></STRONG><BR>RegExp = <STRONG><FONT COLOR=#00AF00>name="outboundFlight" value="([^"]+)"</FONT></STRONG><BR>Instance = <STRONG><FONT COLOR=#00AF00>All</FONT></STRONG></CENTER>]]></Details>
<Time><![CDATA[26.03.2022 - 1:23:07]]></Time>
<TimeTick>1648246987</TimeTick>
<NodeArgs eType="General" icon="4" nRep="15" >
<Disp><![CDATA[Service: Reg Save Param RegExp]]></Disp>
</NodeArgs>
</Step>
<Step rID="T12">
<Obj plainTxt="False" ><![CDATA[Service: Reg Save Param RegExp]]></Obj>
<Details plainTxt="False" ><![CDATA[<CENTER>ParamName = <STRONG><FONT COLOR=#00AF00>Price</FONT></STRONG><BR>RegExp = <STRONG><FONT COLOR=#00AF00>"center">(\$\s[0-9]+)</FONT></STRONG><BR>Instance = <STRONG><FONT COLOR=#00AF00>All</FONT></STRONG></CENTER>]]></Details>
<Time><![CDATA[26.03.2022 - 1:23:07]]></Time>
<TimeTick>1648246987</TimeTick>
<NodeArgs eType="General" icon="4" nRep="16" >
<Disp><![CDATA[Service: Reg Save Param RegExp]]></Disp>
</NodeArgs>
</Step>
<Step rID="T13">
<Obj plainTxt="False" ><![CDATA[Service: Reg Save Param RegExp]]></Obj>
<Details plainTxt="False" ><![CDATA[<CENTER>ParamName = <STRONG><FONT COLOR=#00AF00>Cost</FONT></STRONG><BR>RegExp = <STRONG><FONT COLOR=#00AF00>name="outboundFlight" value="\d+;([0-9]+)</FONT></STRONG><BR>Instance = <STRONG><FONT COLOR=#00AF00>All</FONT></STRONG></CENTER>]]></Details>
<Time><![CDATA[26.03.2022 - 1:23:07]]></Time>
<TimeTick>1648246987</TimeTick>
<NodeArgs eType="General" icon="4" nRep="17" >
<Disp><![CDATA[Service: Reg Save Param RegExp]]></Disp>
</NodeArgs>
</Step>
<Step rID="T14">
<Obj plainTxt="False" ><![CDATA[Submit Data: reservations.pl]]></Obj>
<Details plainTxt="False" ><![CDATA[<CENTER><STRONG><FONT COLOR=#009A63>Step completed successfully</FONT></STRONG></CENTER>]]></Details>
<Time><![CDATA[26.03.2022 - 1:23:08]]></Time>
<TimeTick>1648246988</TimeTick>
<NodeArgs eType="General" icon="6" nRep="18" status="Passed" >
<Disp><![CDATA[Submit Data: reservations.pl]]></Disp>
<BtmPane vType="HTMLSNSH" >
<Path><![CDATA[\Iteration1\t8.inf]]></Path>
</BtmPane>
</NodeArgs>
</Step>
<Step rID="T15">
<Obj plainTxt="False" ><![CDATA[Submit Data: reservations.pl_2]]></Obj>
<Details plainTxt="False" ><![CDATA[<CENTER><STRONG><FONT COLOR=#009A63>Step completed successfully</FONT></STRONG></CENTER>]]></Details>
<Time><![CDATA[26.03.2022 - 1:23:08]]></Time>
<TimeTick>1648246988</TimeTick>
<NodeArgs eType="General" icon="6" nRep="19" status="Passed" >
<Disp><![CDATA[Submit Data: reservations.pl_2]]></Disp>
<BtmPane vType="HTMLSNSH" >
<Path><![CDATA[\Iteration1\t9.inf]]></Path>
</BtmPane>
</NodeArgs>
</Step>
<Step rID="T16">
<Obj plainTxt="False" ><![CDATA[Submit Data: reservations.pl_3]]></Obj>
<Details plainTxt="False" ><![CDATA[<CENTER><STRONG><FONT COLOR=#009A63>Step completed successfully</FONT></STRONG></CENTER>]]></Details>
<Time><![CDATA[26.03.2022 - 1:23:09]]></Time>
<TimeTick>1648246989</TimeTick>
<NodeArgs eType="General" icon="6" nRep="20" status="Passed" >
<Disp><![CDATA[Submit Data: reservations.pl_3]]></Disp>
<BtmPane vType="HTMLSNSH" >
<Path><![CDATA[\Iteration1\t10.inf]]></Path>
</BtmPane>
</NodeArgs>
</Step>
<Step rID="T17">
<Obj plainTxt="False" ><![CDATA[Url: Itinerary Button]]></Obj>
<Details plainTxt="False" ><![CDATA[<CENTER><STRONG><FONT COLOR=#009A63>Step completed successfully</FONT></STRONG></CENTER>]]></Details>
<Time><![CDATA[26.03.2022 - 1:23:10]]></Time>
<TimeTick>1648246990</TimeTick>
<NodeArgs eType="General" icon="5" nRep="21" status="Passed" >
<Disp><![CDATA[Url: Itinerary Button]]></Disp>
<BtmPane vType="HTMLSNSH" >
<Path><![CDATA[\Iteration1\t11.inf]]></Path>
</BtmPane>
</NodeArgs>
</Step>
<Step rID="T18">
<Obj plainTxt="False" ><![CDATA[Url: SignOff Button]]></Obj>
<Details plainTxt="False" ><![CDATA[<CENTER><STRONG><FONT COLOR=#009A63>Step completed successfully</FONT></STRONG></CENTER>]]></Details>
<Time><![CDATA[26.03.2022 - 1:23:10]]></Time>
<TimeTick>1648246990</TimeTick>
<NodeArgs eType="General" icon="5" nRep="22" status="Passed" >
<Disp><![CDATA[Url: SignOff Button]]></Disp>
<BtmPane vType="HTMLSNSH" >
<Path><![CDATA[\Iteration1\t12.inf]]></Path>
</BtmPane>
</NodeArgs>
</Step>
<Summary sTime="26.03.2022 - 1:23:06" eTime="26.03.2022 - 1:23:10" passed="8" failed="0" warnings="0" ></Summary>
<NodeArgs eType="StartAction" icon="2" nRep="8" status="Passed" >
<Disp><![CDATA[Action Summary]]></Disp>
</NodeArgs>
</Action>
<NodeArgs eType="StartIteration" icon="3" nRep="7" status="Passed" >
<Disp><![CDATA[UC01_WebTours Iteration 1 (Row 1)]]></Disp>
</NodeArgs>
</DIter>
<DIter rID="T19" iterID="2" >
<Action rID="T20">
<AName><![CDATA[Action]]></AName>
<Step rID="T21">
<Obj plainTxt="False" ><![CDATA[Service: Reg Save Param RegExp]]></Obj>
<Details plainTxt="False" ><![CDATA[<CENTER>ParamName = <STRONG><FONT COLOR=#00AF00>userSession</FONT></STRONG><BR>RegExp = <STRONG><FONT COLOR=#00AF00>name="userSession" value="([^"]+)"/></FONT></STRONG><BR>Instance = <STRONG><FONT COLOR=#00AF00>1</FONT></STRONG></CENTER>]]></Details>
<Time><![CDATA[26.03.2022 - 1:23:10]]></Time>
<TimeTick>1648246990</TimeTick>
<NodeArgs eType="General" icon="4" nRep="27" >
<Disp><![CDATA[Service: Reg Save Param RegExp]]></Disp>
</NodeArgs>
</Step>
<Step rID="T22">
<Obj plainTxt="False" ><![CDATA[Url: WebTours]]></Obj>
<Details plainTxt="False" ><![CDATA[<CENTER><STRONG><FONT COLOR=#009A63>Step completed successfully</FONT></STRONG></CENTER>]]></Details>
<Time><![CDATA[26.03.2022 - 1:23:11]]></Time>
<TimeTick>1648246991</TimeTick>
<NodeArgs eType="General" icon="5" nRep="28" status="Passed" >
<Disp><![CDATA[Url: WebTours]]></Disp>
<BtmPane vType="HTMLSNSH" >
<Path><![CDATA[\Iteration2\t2.inf]]></Path>
</BtmPane>
</NodeArgs>
</Step>
<Step rID="T23">
<Obj plainTxt="False" ><![CDATA[Submit Data: login.pl]]></Obj>
<Details plainTxt="False" ><![CDATA[<CENTER><STRONG><FONT COLOR=#009A63>Step completed successfully</FONT></STRONG></CENTER>]]></Details>
<Time><![CDATA[26.03.2022 - 1:23:11]]></Time>
<TimeTick>1648246991</TimeTick>
<NodeArgs eType="General" icon="6" nRep="29" status="Passed" >
<Disp><![CDATA[Submit Data: login.pl]]></Disp>
<BtmPane vType="HTMLSNSH" >
<Path><![CDATA[\Iteration2\t3.inf]]></Path>
</BtmPane>
</NodeArgs>
</Step>
<Step rID="T24">
<Obj plainTxt="False" ><![CDATA[Service: Reg Save Param]]></Obj>
<Details plainTxt="False" ><![CDATA[<CENTER>ParamName =<STRONG><FONT COLOR=#00AF00>depart</FONT></STRONG><BR>Left Boundary = <STRONG><FONT COLOR=#00AF00>LB=<option value="</FONT></STRONG><BR>Right Boundary = <STRONG><FONT COLOR=#00AF00>RB="></FONT></STRONG><BR>Instance = <STRONG><FONT COLOR=#00AF00>Ord=ALL</FONT></STRONG></CENTER>]]></Details>
<Time><![CDATA[26.03.2022 - 1:23:11]]></Time>
<TimeTick>1648246991</TimeTick>
<NodeArgs eType="General" icon="4" nRep="30" >
<Disp><![CDATA[Service: Reg Save Param]]></Disp>
</NodeArgs>
</Step>
<Step rID="T25">
<Obj plainTxt="False" ><![CDATA[Service: Reg Save Param]]></Obj>
<Details plainTxt="False" ><![CDATA[<CENTER>ParamName =<STRONG><FONT COLOR=#00AF00>arrive</FONT></STRONG><BR>Left Boundary = <STRONG><FONT COLOR=#00AF00>LB=<option value="</FONT></STRONG><BR>Right Boundary = <STRONG><FONT COLOR=#00AF00>RB="></FONT></STRONG><BR>Instance = <STRONG><FONT COLOR=#00AF00>Ord=ALL</FONT></STRONG></CENTER>]]></Details>
<Time><![CDATA[26.03.2022 - 1:23:11]]></Time>
<TimeTick>1648246991</TimeTick>
<NodeArgs eType="General" icon="4" nRep="31" >
<Disp><![CDATA[Service: Reg Save Param]]></Disp>
</NodeArgs>
</Step>
<Step rID="T26">
<Obj plainTxt="False" ><![CDATA[Url: Search Flights Button]]></Obj>
<Details plainTxt="False" ><![CDATA[<CENTER><STRONG><FONT COLOR=#009A63>Step completed successfully</FONT></STRONG></CENTER>]]></Details>
<Time><![CDATA[26.03.2022 - 1:23:12]]></Time>
<TimeTick>1648246992</TimeTick>
<NodeArgs eType="General" icon="5" nRep="32" status="Passed" >
<Disp><![CDATA[Url: Search Flights Button]]></Disp>
<BtmPane vType="HTMLSNSH" >
<Path><![CDATA[\Iteration2\t4.inf]]></Path>
</BtmPane>
</NodeArgs>
</Step>
<Step rID="T27">
<Obj plainTxt="False" ><![CDATA[Service: Reg Save Param RegExp]]></Obj>
<Details plainTxt="False" ><![CDATA[<CENTER>ParamName = <STRONG><FONT COLOR=#00AF00>outboundFlight</FONT></STRONG><BR>RegExp = <STRONG><FONT COLOR=#00AF00>name="outboundFlight" value="([^"]+)"</FONT></STRONG><BR>Instance = <STRONG><FONT COLOR=#00AF00>All</FONT></STRONG></CENTER>]]></Details>
<Time><![CDATA[26.03.2022 - 1:23:12]]></Time>
<TimeTick>1648246992</TimeTick>
<NodeArgs eType="General" icon="4" nRep="33" >
<Disp><![CDATA[Service: Reg Save Param RegExp]]></Disp>
</NodeArgs>
</Step>
<Step rID="T28">
<Obj plainTxt="False" ><![CDATA[Service: Reg Save Param RegExp]]></Obj>
<Details plainTxt="False" ><![CDATA[<CENTER>ParamName = <STRONG><FONT COLOR=#00AF00>Price</FONT></STRONG><BR>RegExp = <STRONG><FONT COLOR=#00AF00>"center">(\$\s[0-9]+)</FONT></STRONG><BR>Instance = <STRONG><FONT COLOR=#00AF00>All</FONT></STRONG></CENTER>]]></Details>
<Time><![CDATA[26.03.2022 - 1:23:12]]></Time>
<TimeTick>1648246992</TimeTick>
<NodeArgs eType="General" icon="4" nRep="34" >
<Disp><![CDATA[Service: Reg Save Param RegExp]]></Disp>
</NodeArgs>
</Step>
<Step rID="T29">
<Obj plainTxt="False" ><![CDATA[Service: Reg Save Param RegExp]]></Obj>
<Details plainTxt="False" ><![CDATA[<CENTER>ParamName = <STRONG><FONT COLOR=#00AF00>Cost</FONT></STRONG><BR>RegExp = <STRONG><FONT COLOR=#00AF00>name="outboundFlight" value="\d+;([0-9]+)</FONT></STRONG><BR>Instance = <STRONG><FONT COLOR=#00AF00>All</FONT></STRONG></CENTER>]]></Details>
<Time><![CDATA[26.03.2022 - 1:23:12]]></Time>
<TimeTick>1648246992</TimeTick>
<NodeArgs eType="General" icon="4" nRep="35" >
<Disp><![CDATA[Service: Reg Save Param RegExp]]></Disp>
</NodeArgs>
</Step>
<Step rID="T30">
<Obj plainTxt="False" ><![CDATA[Submit Data: reservations.pl]]></Obj>
<Details plainTxt="False" ><![CDATA[<CENTER><STRONG><FONT COLOR=#009A63>Step completed successfully</FONT></STRONG></CENTER>]]></Details>
<Time><![CDATA[26.03.2022 - 1:23:12]]></Time>
<TimeTick>1648246992</TimeTick>
<NodeArgs eType="General" icon="6" nRep="36" status="Passed" >
<Disp><![CDATA[Submit Data: reservations.pl]]></Disp>
<BtmPane vType="HTMLSNSH" >
<Path><![CDATA[\Iteration2\t8.inf]]></Path>
</BtmPane>
</NodeArgs>
</Step>
<Step rID="T31">
<Obj plainTxt="False" ><![CDATA[Submit Data: reservations.pl_2]]></Obj>
<Details plainTxt="False" ><![CDATA[<CENTER><STRONG><FONT COLOR=#009A63>Step completed successfully</FONT></STRONG></CENTER>]]></Details>
<Time><![CDATA[26.03.2022 - 1:23:12]]></Time>
<TimeTick>1648246992</TimeTick>
<NodeArgs eType="General" icon="6" nRep="37" status="Passed" >
<Disp><![CDATA[Submit Data: reservations.pl_2]]></Disp>
<BtmPane vType="HTMLSNSH" >
<Path><![CDATA[\Iteration2\t9.inf]]></Path>
</BtmPane>
</NodeArgs>
</Step>
<Step rID="T32">
<Obj plainTxt="False" ><![CDATA[Submit Data: reservations.pl_3]]></Obj>
<Details plainTxt="False" ><![CDATA[<CENTER><STRONG><FONT COLOR=#009A63>Step completed successfully</FONT></STRONG></CENTER>]]></Details>
<Time><![CDATA[26.03.2022 - 1:23:13]]></Time>
<TimeTick>1648246993</TimeTick>
<NodeArgs eType="General" icon="6" nRep="38" status="Passed" >
<Disp><![CDATA[Submit Data: reservations.pl_3]]></Disp>
<BtmPane vType="HTMLSNSH" >
<Path><![CDATA[\Iteration2\t10.inf]]></Path>
</BtmPane>
</NodeArgs>
</Step>
<Step rID="T33">
<Obj plainTxt="False" ><![CDATA[Url: Itinerary Button]]></Obj>
<Details plainTxt="False" ><![CDATA[<CENTER><STRONG><FONT COLOR=#009A63>Step completed successfully</FONT></STRONG></CENTER>]]></Details>
<Time><![CDATA[26.03.2022 - 1:23:14]]></Time>
<TimeTick>1648246994</TimeTick>
<NodeArgs eType="General" icon="5" nRep="39" status="Passed" >
<Disp><![CDATA[Url: Itinerary Button]]></Disp>
<BtmPane vType="HTMLSNSH" >
<Path><![CDATA[\Iteration2\t11.inf]]></Path>
</BtmPane>
</NodeArgs>
</Step>
<Step rID="T34">
<Obj plainTxt="False" ><![CDATA[Url: SignOff Button]]></Obj>
<Details plainTxt="False" ><![CDATA[<CENTER><STRONG><FONT COLOR=#009A63>Step completed successfully</FONT></STRONG></CENTER>]]></Details>
<Time><![CDATA[26.03.2022 - 1:23:14]]></Time>
<TimeTick>1648246994</TimeTick>
<NodeArgs eType="General" icon="5" nRep="40" status="Passed" >
<Disp><![CDATA[Url: SignOff Button]]></Disp>
<BtmPane vType="HTMLSNSH" >
<Path><![CDATA[\Iteration2\t12.inf]]></Path>
</BtmPane>
</NodeArgs>
</Step>
<Summary sTime="26.03.2022 - 1:23:10" eTime="26.03.2022 - 1:23:14" passed="8" failed="0" warnings="0" ></Summary>
<NodeArgs eType="StartAction" icon="2" nRep="26" status="Passed" >
<Disp><![CDATA[Action Summary]]></Disp>
</NodeArgs>
</Action>
<NodeArgs eType="StartIteration" icon="3" nRep="25" status="Passed" >
<Disp><![CDATA[UC01_WebTours Iteration 2 (Row 2)]]></Disp>
</NodeArgs>
</DIter>
<DIter rID="T35" iterID="3" >
<Action rID="T36">
<AName><![CDATA[Action]]></AName>
<Step rID="T37">
<Obj plainTxt="False" ><![CDATA[Service: Reg Save Param RegExp]]></Obj>
<Details plainTxt="False" ><![CDATA[<CENTER>ParamName = <STRONG><FONT COLOR=#00AF00>userSession</FONT></STRONG><BR>RegExp = <STRONG><FONT COLOR=#00AF00>name="userSession" value="([^"]+)"/></FONT></STRONG><BR>Instance = <STRONG><FONT COLOR=#00AF00>1</FONT></STRONG></CENTER>]]></Details>
<Time><![CDATA[26.03.2022 - 1:23:14]]></Time>
<TimeTick>1648246994</TimeTick>
<NodeArgs eType="General" icon="4" nRep="45" >
<Disp><![CDATA[Service: Reg Save Param RegExp]]></Disp>
</NodeArgs>
</Step>
<Step rID="T38">
<Obj plainTxt="False" ><![CDATA[Url: WebTours]]></Obj>
<Details plainTxt="False" ><![CDATA[<CENTER><STRONG><FONT COLOR=#009A63>Step completed successfully</FONT></STRONG></CENTER>]]></Details>
<Time><![CDATA[26.03.2022 - 1:23:15]]></Time>
<TimeTick>1648246995</TimeTick>
<NodeArgs eType="General" icon="5" nRep="46" status="Passed" >
<Disp><![CDATA[Url: WebTours]]></Disp>
<BtmPane vType="HTMLSNSH" >
<Path><![CDATA[\Iteration3\t2.inf]]></Path>
</BtmPane>
</NodeArgs>
</Step>
<Step rID="T39">
<Obj plainTxt="False" ><![CDATA[Submit Data: login.pl]]></Obj>
<Details plainTxt="False" ><![CDATA[<CENTER><STRONG><FONT COLOR=#009A63>Step completed successfully</FONT></STRONG></CENTER>]]></Details>
<Time><![CDATA[26.03.2022 - 1:23:15]]></Time>
<TimeTick>1648246995</TimeTick>
<NodeArgs eType="General" icon="6" nRep="47" status="Passed" >
<Disp><![CDATA[Submit Data: login.pl]]></Disp>
<BtmPane vType="HTMLSNSH" >
<Path><![CDATA[\Iteration3\t3.inf]]></Path>
</BtmPane>
</NodeArgs>
</Step>
<Step rID="T40">
<Obj plainTxt="False" ><![CDATA[Service: Reg Save Param]]></Obj>
<Details plainTxt="False" ><![CDATA[<CENTER>ParamName =<STRONG><FONT COLOR=#00AF00>depart</FONT></STRONG><BR>Left Boundary = <STRONG><FONT COLOR=#00AF00>LB=<option value="</FONT></STRONG><BR>Right Boundary = <STRONG><FONT COLOR=#00AF00>RB="></FONT></STRONG><BR>Instance = <STRONG><FONT COLOR=#00AF00>Ord=ALL</FONT></STRONG></CENTER>]]></Details>
<Time><![CDATA[26.03.2022 - 1:23:15]]></Time>
<TimeTick>1648246995</TimeTick>
<NodeArgs eType="General" icon="4" nRep="48" >
<Disp><![CDATA[Service: Reg Save Param]]></Disp>
</NodeArgs>
</Step>
<Step rID="T41">
<Obj plainTxt="False" ><![CDATA[Service: Reg Save Param]]></Obj>
<Details plainTxt="False" ><![CDATA[<CENTER>ParamName =<STRONG><FONT COLOR=#00AF00>arrive</FONT></STRONG><BR>Left Boundary = <STRONG><FONT COLOR=#00AF00>LB=<option value="</FONT></STRONG><BR>Right Boundary = <STRONG><FONT COLOR=#00AF00>RB="></FONT></STRONG><BR>Instance = <STRONG><FONT COLOR=#00AF00>Ord=ALL</FONT></STRONG></CENTER>]]></Details>
<Time><![CDATA[26.03.2022 - 1:23:15]]></Time>
<TimeTick>1648246995</TimeTick>
<NodeArgs eType="General" icon="4" nRep="49" >
<Disp><![CDATA[Service: Reg Save Param]]></Disp>
</NodeArgs>
</Step>
<Step rID="T42">
<Obj plainTxt="False" ><![CDATA[Url: Search Flights Button]]></Obj>
<Details plainTxt="False" ><![CDATA[<CENTER><STRONG><FONT COLOR=#009A63>Step completed successfully</FONT></STRONG></CENTER>]]></Details>
<Time><![CDATA[26.03.2022 - 1:23:16]]></Time>
<TimeTick>1648246996</TimeTick>
<NodeArgs eType="General" icon="5" nRep="50" status="Passed" >
<Disp><![CDATA[Url: Search Flights Button]]></Disp>
<BtmPane vType="HTMLSNSH" >
<Path><![CDATA[\Iteration3\t4.inf]]></Path>
</BtmPane>
</NodeArgs>
</Step>
<Step rID="T43">
<Obj plainTxt="False" ><![CDATA[Service: Reg Save Param RegExp]]></Obj>
<Details plainTxt="False" ><![CDATA[<CENTER>ParamName = <STRONG><FONT COLOR=#00AF00>outboundFlight</FONT></STRONG><BR>RegExp = <STRONG><FONT COLOR=#00AF00>name="outboundFlight" value="([^"]+)"</FONT></STRONG><BR>Instance = <STRONG><FONT COLOR=#00AF00>All</FONT></STRONG></CENTER>]]></Details>
<Time><![CDATA[26.03.2022 - 1:23:16]]></Time>
<TimeTick>1648246996</TimeTick>
<NodeArgs eType="General" icon="4" nRep="51" >
<Disp><![CDATA[Service: Reg Save Param RegExp]]></Disp>
</NodeArgs>
</Step>
<Step rID="T44">
<Obj plainTxt="False" ><![CDATA[Service: Reg Save Param RegExp]]></Obj>
<Details plainTxt="False" ><![CDATA[<CENTER>ParamName = <STRONG><FONT COLOR=#00AF00>Price</FONT></STRONG><BR>RegExp = <STRONG><FONT COLOR=#00AF00>"center">(\$\s[0-9]+)</FONT></STRONG><BR>Instance = <STRONG><FONT COLOR=#00AF00>All</FONT></STRONG></CENTER>]]></Details>
<Time><![CDATA[26.03.2022 - 1:23:16]]></Time>
<TimeTick>1648246996</TimeTick>
<NodeArgs eType="General" icon="4" nRep="52" >
<Disp><![CDATA[Service: Reg Save Param RegExp]]></Disp>
</NodeArgs>
</Step>
<Step rID="T45">
<Obj plainTxt="False" ><![CDATA[Service: Reg Save Param RegExp]]></Obj>
<Details plainTxt="False" ><![CDATA[<CENTER>ParamName = <STRONG><FONT COLOR=#00AF00>Cost</FONT></STRONG><BR>RegExp = <STRONG><FONT COLOR=#00AF00>name="outboundFlight" value="\d+;([0-9]+)</FONT></STRONG><BR>Instance = <STRONG><FONT COLOR=#00AF00>All</FONT></STRONG></CENTER>]]></Details>
<Time><![CDATA[26.03.2022 - 1:23:16]]></Time>
<TimeTick>1648246996</TimeTick>
<NodeArgs eType="General" icon="4" nRep="53" >
<Disp><![CDATA[Service: Reg Save Param RegExp]]></Disp>
</NodeArgs>
</Step>
<Step rID="T46">
<Obj plainTxt="False" ><![CDATA[Submit Data: reservations.pl]]></Obj>
<Details plainTxt="False" ><![CDATA[<CENTER><STRONG><FONT COLOR=#009A63>Step completed successfully</FONT></STRONG></CENTER>]]></Details>
<Time><![CDATA[26.03.2022 - 1:23:16]]></Time>
<TimeTick>1648246996</TimeTick>
<NodeArgs eType="General" icon="6" nRep="54" status="Passed" >
<Disp><![CDATA[Submit Data: reservations.pl]]></Disp>
<BtmPane vType="HTMLSNSH" >
<Path><![CDATA[\Iteration3\t8.inf]]></Path>
</BtmPane>
</NodeArgs>
</Step>
<Step rID="T47">
<Obj plainTxt="False" ><![CDATA[Submit Data: reservations.pl_2]]></Obj>
<Details plainTxt="False" ><![CDATA[<CENTER><STRONG><FONT COLOR=#009A63>Step completed successfully</FONT></STRONG></CENTER>]]></Details>
<Time><![CDATA[26.03.2022 - 1:23:16]]></Time>
<TimeTick>1648246996</TimeTick>
<NodeArgs eType="General" icon="6" nRep="55" status="Passed" >
<Disp><![CDATA[Submit Data: reservations.pl_2]]></Disp>
<BtmPane vType="HTMLSNSH" >
<Path><![CDATA[\Iteration3\t9.inf]]></Path>
</BtmPane>
</NodeArgs>
</Step>
<Step rID="T48">
<Obj plainTxt="False" ><![CDATA[Submit Data: reservations.pl_3]]></Obj>
<Details plainTxt="False" ><![CDATA[<CENTER><STRONG><FONT COLOR=#009A63>Step completed successfully</FONT></STRONG></CENTER>]]></Details>
<Time><![CDATA[26.03.2022 - 1:23:17]]></Time>
<TimeTick>1648246997</TimeTick>
<NodeArgs eType="General" icon="6" nRep="56" status="Passed" >
<Disp><![CDATA[Submit Data: reservations.pl_3]]></Disp>
<BtmPane vType="HTMLSNSH" >
<Path><![CDATA[\Iteration3\t10.inf]]></Path>
</BtmPane>
</NodeArgs>
</Step>
<Step rID="T49">
<Obj plainTxt="False" ><![CDATA[Url: Itinerary Button]]></Obj>
<Details plainTxt="False" ><![CDATA[<CENTER><STRONG><FONT COLOR=#009A63>Step completed successfully</FONT></STRONG></CENTER>]]></Details>
<Time><![CDATA[26.03.2022 - 1:23:18]]></Time>
<TimeTick>1648246998</TimeTick>
<NodeArgs eType="General" icon="5" nRep="57" status="Passed" >
<Disp><![CDATA[Url: Itinerary Button]]></Disp>
<BtmPane vType="HTMLSNSH" >
<Path><![CDATA[\Iteration3\t11.inf]]></Path>
</BtmPane>
</NodeArgs>
</Step>
<Step rID="T50">
<Obj plainTxt="False" ><![CDATA[Url: SignOff Button]]></Obj>
<Details plainTxt="False" ><![CDATA[<CENTER><STRONG><FONT COLOR=#009A63>Step completed successfully</FONT></STRONG></CENTER>]]></Details>
<Time><![CDATA[26.03.2022 - 1:23:18]]></Time>
<TimeTick>1648246998</TimeTick>
<NodeArgs eType="General" icon="5" nRep="58" status="Passed" >
<Disp><![CDATA[Url: SignOff Button]]></Disp>
<BtmPane vType="HTMLSNSH" >
<Path><![CDATA[\Iteration3\t12.inf]]></Path>
</BtmPane>
</NodeArgs>
</Step>
<Summary sTime="26.03.2022 - 1:23:14" eTime="26.03.2022 - 1:23:18" passed="8" failed="0" warnings="0" ></Summary>
<NodeArgs eType="StartAction" icon="2" nRep="44" status="Passed" >
<Disp><![CDATA[Action Summary]]></Disp>
</NodeArgs>
</Action>
<NodeArgs eType="StartIteration" icon="3" nRep="43" status="Passed" >
<Disp><![CDATA[UC01_WebTours Iteration 3 (Row 3)]]></Disp>
</NodeArgs>
</DIter>
<DIter rID="T51" iterID="4" >
<Action rID="T52">
<AName><![CDATA[Action]]></AName>
<Step rID="T53">
<Obj plainTxt="False" ><![CDATA[Service: Reg Save Param RegExp]]></Obj>
<Details plainTxt="False" ><![CDATA[<CENTER>ParamName = <STRONG><FONT COLOR=#00AF00>userSession</FONT></STRONG><BR>RegExp = <STRONG><FONT COLOR=#00AF00>name="userSession" value="([^"]+)"/></FONT></STRONG><BR>Instance = <STRONG><FONT COLOR=#00AF00>1</FONT></STRONG></CENTER>]]></Details>
<Time><![CDATA[26.03.2022 - 1:23:18]]></Time>
<TimeTick>1648246998</TimeTick>
<NodeArgs eType="General" icon="4" nRep="63" >
<Disp><![CDATA[Service: Reg Save Param RegExp]]></Disp>
</NodeArgs>
</Step>
<Step rID="T54">
<Obj plainTxt="False" ><![CDATA[Url: WebTours]]></Obj>
<Details plainTxt="False" ><![CDATA[<CENTER><STRONG><FONT COLOR=#009A63>Step completed successfully</FONT></STRONG></CENTER>]]></Details>
<Time><![CDATA[26.03.2022 - 1:23:19]]></Time>
<TimeTick>1648246999</TimeTick>
<NodeArgs eType="General" icon="5" nRep="64" status="Passed" >
<Disp><![CDATA[Url: WebTours]]></Disp>
<BtmPane vType="HTMLSNSH" >
<Path><![CDATA[\Iteration4\t2.inf]]></Path>
</BtmPane>
</NodeArgs>
</Step>
<Step rID="T55">
<Obj plainTxt="False" ><![CDATA[Submit Data: login.pl]]></Obj>
<Details plainTxt="False" ><![CDATA[<CENTER><STRONG><FONT COLOR=#009A63>Step completed successfully</FONT></STRONG></CENTER>]]></Details>
<Time><![CDATA[26.03.2022 - 1:23:19]]></Time>
<TimeTick>1648246999</TimeTick>
<NodeArgs eType="General" icon="6" nRep="65" status="Passed" >
<Disp><![CDATA[Submit Data: login.pl]]></Disp>
<BtmPane vType="HTMLSNSH" >
<Path><![CDATA[\Iteration4\t3.inf]]></Path>
</BtmPane>
</NodeArgs>
</Step>
<Step rID="T56">
<Obj plainTxt="False" ><![CDATA[Service: Reg Save Param]]></Obj>
<Details plainTxt="False" ><![CDATA[<CENTER>ParamName =<STRONG><FONT COLOR=#00AF00>depart</FONT></STRONG><BR>Left Boundary = <STRONG><FONT COLOR=#00AF00>LB=<option value="</FONT></STRONG><BR>Right Boundary = <STRONG><FONT COLOR=#00AF00>RB="></FONT></STRONG><BR>Instance = <STRONG><FONT COLOR=#00AF00>Ord=ALL</FONT></STRONG></CENTER>]]></Details>
<Time><![CDATA[26.03.2022 - 1:23:19]]></Time>
<TimeTick>1648246999</TimeTick>
<NodeArgs eType="General" icon="4" nRep="66" >
<Disp><![CDATA[Service: Reg Save Param]]></Disp>
</NodeArgs>
</Step>
<Step rID="T57">
<Obj plainTxt="False" ><![CDATA[Service: Reg Save Param]]></Obj>
<Details plainTxt="False" ><![CDATA[<CENTER>ParamName =<STRONG><FONT COLOR=#00AF00>arrive</FONT></STRONG><BR>Left Boundary = <STRONG><FONT COLOR=#00AF00>LB=<option value="</FONT></STRONG><BR>Right Boundary = <STRONG><FONT COLOR=#00AF00>RB="></FONT></STRONG><BR>Instance = <STRONG><FONT COLOR=#00AF00>Ord=ALL</FONT></STRONG></CENTER>]]></Details>
<Time><![CDATA[26.03.2022 - 1:23:19]]></Time>
<TimeTick>1648246999</TimeTick>
<NodeArgs eType="General" icon="4" nRep="67" >
<Disp><![CDATA[Service: Reg Save Param]]></Disp>
</NodeArgs>
</Step>
<Step rID="T58">
<Obj plainTxt="False" ><![CDATA[Url: Search Flights Button]]></Obj>
<Details plainTxt="False" ><![CDATA[<CENTER><STRONG><FONT COLOR=#009A63>Step completed successfully</FONT></STRONG></CENTER>]]></Details>
<Time><![CDATA[26.03.2022 - 1:23:20]]></Time>
<TimeTick>1648247000</TimeTick>
<NodeArgs eType="General" icon="5" nRep="68" status="Passed" >
<Disp><![CDATA[Url: Search Flights Button]]></Disp>
<BtmPane vType="HTMLSNSH" >
<Path><![CDATA[\Iteration4\t4.inf]]></Path>
</BtmPane>
</NodeArgs>
</Step>
<Step rID="T59">
<Obj plainTxt="False" ><![CDATA[Service: Reg Save Param RegExp]]></Obj>
<Details plainTxt="False" ><![CDATA[<CENTER>ParamName = <STRONG><FONT COLOR=#00AF00>outboundFlight</FONT></STRONG><BR>RegExp = <STRONG><FONT COLOR=#00AF00>name="outboundFlight" value="([^"]+)"</FONT></STRONG><BR>Instance = <STRONG><FONT COLOR=#00AF00>All</FONT></STRONG></CENTER>]]></Details>
<Time><![CDATA[26.03.2022 - 1:23:20]]></Time>
<TimeTick>1648247000</TimeTick>
<NodeArgs eType="General" icon="4" nRep="69" >
<Disp><![CDATA[Service: Reg Save Param RegExp]]></Disp>
</NodeArgs>
</Step>
<Step rID="T60">
<Obj plainTxt="False" ><![CDATA[Service: Reg Save Param RegExp]]></Obj>
<Details plainTxt="False" ><![CDATA[<CENTER>ParamName = <STRONG><FONT COLOR=#00AF00>Price</FONT></STRONG><BR>RegExp = <STRONG><FONT COLOR=#00AF00>"center">(\$\s[0-9]+)</FONT></STRONG><BR>Instance = <STRONG><FONT COLOR=#00AF00>All</FONT></STRONG></CENTER>]]></Details>
<Time><![CDATA[26.03.2022 - 1:23:20]]></Time>
<TimeTick>1648247000</TimeTick>
<NodeArgs eType="General" icon="4" nRep="70" >
<Disp><![CDATA[Service: Reg Save Param RegExp]]></Disp>
</NodeArgs>
</Step>
<Step rID="T61">
<Obj plainTxt="False" ><![CDATA[Service: Reg Save Param RegExp]]></Obj>
<Details plainTxt="False" ><![CDATA[<CENTER>ParamName = <STRONG><FONT COLOR=#00AF00>Cost</FONT></STRONG><BR>RegExp = <STRONG><FONT COLOR=#00AF00>name="outboundFlight" value="\d+;([0-9]+)</FONT></STRONG><BR>Instance = <STRONG><FONT COLOR=#00AF00>All</FONT></STRONG></CENTER>]]></Details>
<Time><![CDATA[26.03.2022 - 1:23:20]]></Time>
<TimeTick>1648247000</TimeTick>
<NodeArgs eType="General" icon="4" nRep="71" >
<Disp><![CDATA[Service: Reg Save Param RegExp]]></Disp>
</NodeArgs>
</Step>
<Step rID="T62">
<Obj plainTxt="False" ><![CDATA[Submit Data: reservations.pl]]></Obj>
<Details plainTxt="False" ><![CDATA[<CENTER><STRONG><FONT COLOR=#009A63>Step completed successfully</FONT></STRONG></CENTER>]]></Details>
<Time><![CDATA[26.03.2022 - 1:23:21]]></Time>
<TimeTick>1648247001</TimeTick>
<NodeArgs eType="General" icon="6" nRep="72" status="Passed" >
<Disp><![CDATA[Submit Data: reservations.pl]]></Disp>
<BtmPane vType="HTMLSNSH" >
<Path><![CDATA[\Iteration4\t8.inf]]></Path>
</BtmPane>
</NodeArgs>
</Step>
<Step rID="T63">
<Obj plainTxt="False" ><![CDATA[Submit Data: reservations.pl_2]]></Obj>
<Details plainTxt="False" ><![CDATA[<CENTER><STRONG><FONT COLOR=#009A63>Step completed successfully</FONT></STRONG></CENTER>]]></Details>
<Time><![CDATA[26.03.2022 - 1:23:21]]></Time>
<TimeTick>1648247001</TimeTick>
<NodeArgs eType="General" icon="6" nRep="73" status="Passed" >
<Disp><![CDATA[Submit Data: reservations.pl_2]]></Disp>
<BtmPane vType="HTMLSNSH" >
<Path><![CDATA[\Iteration4\t9.inf]]></Path>
</BtmPane>
</NodeArgs>
</Step>
<Step rID="T64">
<Obj plainTxt="False" ><![CDATA[Submit Data: reservations.pl_3]]></Obj>
<Details plainTxt="False" ><![CDATA[<CENTER><STRONG><FONT COLOR=#009A63>Step completed successfully</FONT></STRONG></CENTER>]]></Details>
<Time><![CDATA[26.03.2022 - 1:23:22]]></Time>
<TimeTick>1648247002</TimeTick>
<NodeArgs eType="General" icon="6" nRep="74" status="Passed" >
<Disp><![CDATA[Submit Data: reservations.pl_3]]></Disp>
<BtmPane vType="HTMLSNSH" >
<Path><![CDATA[\Iteration4\t10.inf]]></Path>
</BtmPane>
</NodeArgs>
</Step>
<Step rID="T65">
<Obj plainTxt="False" ><![CDATA[Url: Itinerary Button]]></Obj>
<Details plainTxt="False" ><![CDATA[<CENTER><STRONG><FONT COLOR=#009A63>Step completed successfully</FONT></STRONG></CENTER>]]></Details>
<Time><![CDATA[26.03.2022 - 1:23:23]]></Time>
<TimeTick>1648247003</TimeTick>
<NodeArgs eType="General" icon="5" nRep="75" status="Passed" >
<Disp><![CDATA[Url: Itinerary Button]]></Disp>
<BtmPane vType="HTMLSNSH" >
<Path><![CDATA[\Iteration4\t11.inf]]></Path>
</BtmPane>
</NodeArgs>
</Step>
<Step rID="T66">
<Obj plainTxt="False" ><![CDATA[Url: SignOff Button]]></Obj>
<Details plainTxt="False" ><![CDATA[<CENTER><STRONG><FONT COLOR=#009A63>Step completed successfully</FONT></STRONG></CENTER>]]></Details>
<Time><![CDATA[26.03.2022 - 1:23:24]]></Time>
<TimeTick>1648247004</TimeTick>
<NodeArgs eType="General" icon="5" nRep="76" status="Passed" >
<Disp><![CDATA[Url: SignOff Button]]></Disp>
<BtmPane vType="HTMLSNSH" >
<Path><![CDATA[\Iteration4\t12.inf]]></Path>
</BtmPane>
</NodeArgs>
</Step>
<Summary sTime="26.03.2022 - 1:23:18" eTime="26.03.2022 - 1:23:24" passed="8" failed="0" warnings="0" ></Summary>
<NodeArgs eType="StartAction" icon="2" nRep="62" status="Passed" >
<Disp><![CDATA[Action Summary]]></Disp>
</NodeArgs>
</Action>
<NodeArgs eType="StartIteration" icon="3" nRep="61" status="Passed" >
<Disp><![CDATA[UC01_WebTours Iteration 4 (Row 4)]]></Disp>
</NodeArgs>
</DIter>
<DIter rID="T67" iterID="5" >
<Action rID="T68">
<AName><![CDATA[Action]]></AName>
<Step rID="T69">
<Obj plainTxt="False" ><![CDATA[Service: Reg Save Param RegExp]]></Obj>
<Details plainTxt="False" ><![CDATA[<CENTER>ParamName = <STRONG><FONT COLOR=#00AF00>userSession</FONT></STRONG><BR>RegExp = <STRONG><FONT COLOR=#00AF00>name="userSession" value="([^"]+)"/></FONT></STRONG><BR>Instance = <STRONG><FONT COLOR=#00AF00>1</FONT></STRONG></CENTER>]]></Details>
<Time><![CDATA[26.03.2022 - 1:23:24]]></Time>
<TimeTick>1648247004</TimeTick>
<NodeArgs eType="General" icon="4" nRep="81" >
<Disp><![CDATA[Service: Reg Save Param RegExp]]></Disp>
</NodeArgs>
</Step>
<Step rID="T70">
<Obj plainTxt="False" ><![CDATA[Url: WebTours]]></Obj>
<Details plainTxt="False" ><![CDATA[<CENTER><STRONG><FONT COLOR=#009A63>Step completed successfully</FONT></STRONG></CENTER>]]></Details>
<Time><![CDATA[26.03.2022 - 1:23:24]]></Time>
<TimeTick>1648247004</TimeTick>
<NodeArgs eType="General" icon="5" nRep="82" status="Passed" >
<Disp><![CDATA[Url: WebTours]]></Disp>
<BtmPane vType="HTMLSNSH" >
<Path><![CDATA[\Iteration5\t2.inf]]></Path>
</BtmPane>
</NodeArgs>
</Step>
<Step rID="T71">
<Obj plainTxt="False" ><![CDATA[Submit Data: login.pl]]></Obj>
<Details plainTxt="False" ><![CDATA[<CENTER><STRONG><FONT COLOR=#009A63>Step completed successfully</FONT></STRONG></CENTER>]]></Details>
<Time><![CDATA[26.03.2022 - 1:23:25]]></Time>
<TimeTick>1648247005</TimeTick>
<NodeArgs eType="General" icon="6" nRep="83" status="Passed" >
<Disp><![CDATA[Submit Data: login.pl]]></Disp>
<BtmPane vType="HTMLSNSH" >
<Path><![CDATA[\Iteration5\t3.inf]]></Path>
</BtmPane>
</NodeArgs>
</Step>
<Step rID="T72">
<Obj plainTxt="False" ><![CDATA[Service: Reg Save Param]]></Obj>
<Details plainTxt="False" ><![CDATA[<CENTER>ParamName =<STRONG><FONT COLOR=#00AF00>depart</FONT></STRONG><BR>Left Boundary = <STRONG><FONT COLOR=#00AF00>LB=<option value="</FONT></STRONG><BR>Right Boundary = <STRONG><FONT COLOR=#00AF00>RB="></FONT></STRONG><BR>Instance = <STRONG><FONT COLOR=#00AF00>Ord=ALL</FONT></STRONG></CENTER>]]></Details>
<Time><![CDATA[26.03.2022 - 1:23:25]]></Time>
<TimeTick>1648247005</TimeTick>
<NodeArgs eType="General" icon="4" nRep="84" >
<Disp><![CDATA[Service: Reg Save Param]]></Disp>
</NodeArgs>
</Step>
<Step rID="T73">
<Obj plainTxt="False" ><![CDATA[Service: Reg Save Param]]></Obj>
<Details plainTxt="False" ><![CDATA[<CENTER>ParamName =<STRONG><FONT COLOR=#00AF00>arrive</FONT></STRONG><BR>Left Boundary = <STRONG><FONT COLOR=#00AF00>LB=<option value="</FONT></STRONG><BR>Right Boundary = <STRONG><FONT COLOR=#00AF00>RB="></FONT></STRONG><BR>Instance = <STRONG><FONT COLOR=#00AF00>Ord=ALL</FONT></STRONG></CENTER>]]></Details>
<Time><![CDATA[26.03.2022 - 1:23:25]]></Time>
<TimeTick>1648247005</TimeTick>
<NodeArgs eType="General" icon="4" nRep="85" >
<Disp><![CDATA[Service: Reg Save Param]]></Disp>
</NodeArgs>
</Step>
<Step rID="T74">
<Obj plainTxt="False" ><![CDATA[Url: Search Flights Button]]></Obj>
<Details plainTxt="False" ><![CDATA[<CENTER><STRONG><FONT COLOR=#009A63>Step completed successfully</FONT></STRONG></CENTER>]]></Details>
<Time><![CDATA[26.03.2022 - 1:23:26]]></Time>
<TimeTick>1648247006</TimeTick>
<NodeArgs eType="General" icon="5" nRep="86" status="Passed" >
<Disp><![CDATA[Url: Search Flights Button]]></Disp>
<BtmPane vType="HTMLSNSH" >
<Path><![CDATA[\Iteration5\t4.inf]]></Path>
</BtmPane>
</NodeArgs>
</Step>
<Step rID="T75">
<Obj plainTxt="False" ><![CDATA[Service: Reg Save Param RegExp]]></Obj>
<Details plainTxt="False" ><![CDATA[<CENTER>ParamName = <STRONG><FONT COLOR=#00AF00>outboundFlight</FONT></STRONG><BR>RegExp = <STRONG><FONT COLOR=#00AF00>name="outboundFlight" value="([^"]+)"</FONT></STRONG><BR>Instance = <STRONG><FONT COLOR=#00AF00>All</FONT></STRONG></CENTER>]]></Details>
<Time><![CDATA[26.03.2022 - 1:23:26]]></Time>
<TimeTick>1648247006</TimeTick>
<NodeArgs eType="General" icon="4" nRep="87" >
<Disp><![CDATA[Service: Reg Save Param RegExp]]></Disp>
</NodeArgs>
</Step>
<Step rID="T76">
<Obj plainTxt="False" ><![CDATA[Service: Reg Save Param RegExp]]></Obj>
<Details plainTxt="False" ><![CDATA[<CENTER>ParamName = <STRONG><FONT COLOR=#00AF00>Price</FONT></STRONG><BR>RegExp = <STRONG><FONT COLOR=#00AF00>"center">(\$\s[0-9]+)</FONT></STRONG><BR>Instance = <STRONG><FONT COLOR=#00AF00>All</FONT></STRONG></CENTER>]]></Details>
<Time><![CDATA[26.03.2022 - 1:23:26]]></Time>
<TimeTick>1648247006</TimeTick>
<NodeArgs eType="General" icon="4" nRep="88" >
<Disp><![CDATA[Service: Reg Save Param RegExp]]></Disp>
</NodeArgs>
</Step>
<Step rID="T77">
<Obj plainTxt="False" ><![CDATA[Service: Reg Save Param RegExp]]></Obj>
<Details plainTxt="False" ><![CDATA[<CENTER>ParamName = <STRONG><FONT COLOR=#00AF00>Cost</FONT></STRONG><BR>RegExp = <STRONG><FONT COLOR=#00AF00>name="outboundFlight" value="\d+;([0-9]+)</FONT></STRONG><BR>Instance = <STRONG><FONT COLOR=#00AF00>All</FONT></STRONG></CENTER>]]></Details>
<Time><![CDATA[26.03.2022 - 1:23:26]]></Time>
<TimeTick>1648247006</TimeTick>
<NodeArgs eType="General" icon="4" nRep="89" >
<Disp><![CDATA[Service: Reg Save Param RegExp]]></Disp>
</NodeArgs>
</Step>
<Step rID="T78">
<Obj plainTxt="False" ><![CDATA[Submit Data: reservations.pl]]></Obj>
<Details plainTxt="False" ><![CDATA[<CENTER><STRONG><FONT COLOR=#009A63>Step completed successfully</FONT></STRONG></CENTER>]]></Details>
<Time><![CDATA[26.03.2022 - 1:23:27]]></Time>
<TimeTick>1648247007</TimeTick>
<NodeArgs eType="General" icon="6" nRep="90" status="Passed" >
<Disp><![CDATA[Submit Data: reservations.pl]]></Disp>
<BtmPane vType="HTMLSNSH" >
<Path><![CDATA[\Iteration5\t8.inf]]></Path>
</BtmPane>
</NodeArgs>
</Step>
<Step rID="T79">
<Obj plainTxt="False" ><![CDATA[Submit Data: reservations.pl_2]]></Obj>
<Details plainTxt="False" ><![CDATA[<CENTER><STRONG><FONT COLOR=#009A63>Step completed successfully</FONT></STRONG></CENTER>]]></Details>
<Time><![CDATA[26.03.2022 - 1:23:27]]></Time>
<TimeTick>1648247007</TimeTick>
<NodeArgs eType="General" icon="6" nRep="91" status="Passed" >
<Disp><![CDATA[Submit Data: reservations.pl_2]]></Disp>
<BtmPane vType="HTMLSNSH" >
<Path><![CDATA[\Iteration5\t9.inf]]></Path>
</BtmPane>
</NodeArgs>
</Step>
<Step rID="T80">
<Obj plainTxt="False" ><![CDATA[Submit Data: reservations.pl_3]]></Obj>
<Details plainTxt="False" ><![CDATA[<CENTER><STRONG><FONT COLOR=#009A63>Step completed successfully</FONT></STRONG></CENTER>]]></Details>
<Time><![CDATA[26.03.2022 - 1:23:28]]></Time>
<TimeTick>1648247008</TimeTick>
<NodeArgs eType="General" icon="6" nRep="92" status="Passed" >
<Disp><![CDATA[Submit Data: reservations.pl_3]]></Disp>
<BtmPane vType="HTMLSNSH" >
<Path><![CDATA[\Iteration5\t10.inf]]></Path>
</BtmPane>
</NodeArgs>
</Step>
<Step rID="T81">
<Obj plainTxt="False" ><![CDATA[Url: Itinerary Button]]></Obj>
<Details plainTxt="False" ><![CDATA[<CENTER><STRONG><FONT COLOR=#009A63>Step completed successfully</FONT></STRONG></CENTER>]]></Details>
<Time><![CDATA[26.03.2022 - 1:23:29]]></Time>
<TimeTick>1648247009</TimeTick>
<NodeArgs eType="General" icon="5" nRep="93" status="Passed" >
<Disp><![CDATA[Url: Itinerary Button]]></Disp>
<BtmPane vType="HTMLSNSH" >
<Path><![CDATA[\Iteration5\t11.inf]]></Path>
</BtmPane>
</NodeArgs>
</Step>
<Step rID="T82">
<Obj plainTxt="False" ><![CDATA[Url: SignOff Button]]></Obj>
<Details plainTxt="False" ><![CDATA[<CENTER><STRONG><FONT COLOR=#009A63>Step completed successfully</FONT></STRONG></CENTER>]]></Details>
<Time><![CDATA[26.03.2022 - 1:23:30]]></Time>
<TimeTick>1648247010</TimeTick>
<NodeArgs eType="General" icon="5" nRep="94" status="Passed" >
<Disp><![CDATA[Url: SignOff Button]]></Disp>
<BtmPane vType="HTMLSNSH" >
<Path><![CDATA[\Iteration5\t12.inf]]></Path>
</BtmPane>
</NodeArgs>
</Step>
<Summary sTime="26.03.2022 - 1:23:24" eTime="26.03.2022 - 1:23:30" passed="8" failed="0" warnings="0" ></Summary>
<NodeArgs eType="StartAction" icon="2" nRep="80" status="Passed" >
<Disp><![CDATA[Action Summary]]></Disp>
</NodeArgs>
</Action>
<NodeArgs eType="StartIteration" icon="3" nRep="79" status="Passed" >
<Disp><![CDATA[UC01_WebTours Iteration 5 (Row 5)]]></Disp>
</NodeArgs>
</DIter>
<DIter rID="T83" iterID="6" >
<Action rID="T84">
<AName><![CDATA[Action]]></AName>
<Step rID="T85">
<Obj plainTxt="False" ><![CDATA[Service: Reg Save Param RegExp]]></Obj>
<Details plainTxt="False" ><![CDATA[<CENTER>ParamName = <STRONG><FONT COLOR=#00AF00>userSession</FONT></STRONG><BR>RegExp = <STRONG><FONT COLOR=#00AF00>name="userSession" value="([^"]+)"/></FONT></STRONG><BR>Instance = <STRONG><FONT COLOR=#00AF00>1</FONT></STRONG></CENTER>]]></Details>
<Time><![CDATA[26.03.2022 - 1:23:30]]></Time>
<TimeTick>1648247010</TimeTick>
<NodeArgs eType="General" icon="4" nRep="99" >
<Disp><![CDATA[Service: Reg Save Param RegExp]]></Disp>
</NodeArgs>
</Step>
<Step rID="T86">
<Obj plainTxt="False" ><![CDATA[Url: WebTours]]></Obj>
<Details plainTxt="False" ><![CDATA[<CENTER><STRONG><FONT COLOR=#009A63>Step completed successfully</FONT></STRONG></CENTER>]]></Details>
<Time><![CDATA[26.03.2022 - 1:23:31]]></Time>
<TimeTick>1648247011</TimeTick>
<NodeArgs eType="General" icon="5" nRep="100" status="Passed" >
<Disp><![CDATA[Url: WebTours]]></Disp>
<BtmPane vType="HTMLSNSH" >
<Path><![CDATA[\Iteration6\t2.inf]]></Path>
</BtmPane>
</NodeArgs>
</Step>
<Step rID="T87">
<Obj plainTxt="False" ><![CDATA[Submit Data: login.pl]]></Obj>
<Details plainTxt="False" ><![CDATA[<CENTER><STRONG><FONT COLOR=#009A63>Step completed successfully</FONT></STRONG></CENTER>]]></Details>
<Time><![CDATA[26.03.2022 - 1:23:31]]></Time>
<TimeTick>1648247011</TimeTick>
<NodeArgs eType="General" icon="6" nRep="101" status="Passed" >
<Disp><![CDATA[Submit Data: login.pl]]></Disp>
<BtmPane vType="HTMLSNSH" >
<Path><![CDATA[\Iteration6\t3.inf]]></Path>
</BtmPane>
</NodeArgs>
</Step>
<Step rID="T88">
<Obj plainTxt="False" ><![CDATA[Service: Reg Save Param]]></Obj>
<Details plainTxt="False" ><![CDATA[<CENTER>ParamName =<STRONG><FONT COLOR=#00AF00>depart</FONT></STRONG><BR>Left Boundary = <STRONG><FONT COLOR=#00AF00>LB=<option value="</FONT></STRONG><BR>Right Boundary = <STRONG><FONT COLOR=#00AF00>RB="></FONT></STRONG><BR>Instance = <STRONG><FONT COLOR=#00AF00>Ord=ALL</FONT></STRONG></CENTER>]]></Details>
<Time><![CDATA[26.03.2022 - 1:23:31]]></Time>
<TimeTick>1648247011</TimeTick>
<NodeArgs eType="General" icon="4" nRep="102" >
<Disp><![CDATA[Service: Reg Save Param]]></Disp>
</NodeArgs>
</Step>
<Step rID="T89">
<Obj plainTxt="False" ><![CDATA[Service: Reg Save Param]]></Obj>
<Details plainTxt="False" ><![CDATA[<CENTER>ParamName =<STRONG><FONT COLOR=#00AF00>arrive</FONT></STRONG><BR>Left Boundary = <STRONG><FONT COLOR=#00AF00>LB=<option value="</FONT></STRONG><BR>Right Boundary = <STRONG><FONT COLOR=#00AF00>RB="></FONT></STRONG><BR>Instance = <STRONG><FONT COLOR=#00AF00>Ord=ALL</FONT></STRONG></CENTER>]]></Details>
<Time><![CDATA[26.03.2022 - 1:23:31]]></Time>
<TimeTick>1648247011</TimeTick>
<NodeArgs eType="General" icon="4" nRep="103" >
<Disp><![CDATA[Service: Reg Save Param]]></Disp>
</NodeArgs>
</Step>
<Step rID="T90">
<Obj plainTxt="False" ><![CDATA[Url: Search Flights Button]]></Obj>
<Details plainTxt="False" ><![CDATA[<CENTER><STRONG><FONT COLOR=#009A63>Step completed successfully</FONT></STRONG></CENTER>]]></Details>
<Time><![CDATA[26.03.2022 - 1:23:32]]></Time>
<TimeTick>1648247012</TimeTick>
<NodeArgs eType="General" icon="5" nRep="104" status="Passed" >
<Disp><![CDATA[Url: Search Flights Button]]></Disp>
<BtmPane vType="HTMLSNSH" >
<Path><![CDATA[\Iteration6\t4.inf]]></Path>
</BtmPane>
</NodeArgs>
</Step>
<Step rID="T91">
<Obj plainTxt="False" ><![CDATA[Service: Reg Save Param RegExp]]></Obj>
<Details plainTxt="False" ><![CDATA[<CENTER>ParamName = <STRONG><FONT COLOR=#00AF00>outboundFlight</FONT></STRONG><BR>RegExp = <STRONG><FONT COLOR=#00AF00>name="outboundFlight" value="([^"]+)"</FONT></STRONG><BR>Instance = <STRONG><FONT COLOR=#00AF00>All</FONT></STRONG></CENTER>]]></Details>
<Time><![CDATA[26.03.2022 - 1:23:32]]></Time>
<TimeTick>1648247012</TimeTick>
<NodeArgs eType="General" icon="4" nRep="105" >
<Disp><![CDATA[Service: Reg Save Param RegExp]]></Disp>
</NodeArgs>
</Step>
<Step rID="T92">
<Obj plainTxt="False" ><![CDATA[Service: Reg Save Param RegExp]]></Obj>
<Details plainTxt="False" ><![CDATA[<CENTER>ParamName = <STRONG><FONT COLOR=#00AF00>Price</FONT></STRONG><BR>RegExp = <STRONG><FONT COLOR=#00AF00>"center">(\$\s[0-9]+)</FONT></STRONG><BR>Instance = <STRONG><FONT COLOR=#00AF00>All</FONT></STRONG></CENTER>]]></Details>
<Time><![CDATA[26.03.2022 - 1:23:32]]></Time>
<TimeTick>1648247012</TimeTick>
<NodeArgs eType="General" icon="4" nRep="106" >
<Disp><![CDATA[Service: Reg Save Param RegExp]]></Disp>
</NodeArgs>
</Step>
<Step rID="T93">
<Obj plainTxt="False" ><![CDATA[Service: Reg Save Param RegExp]]></Obj>
<Details plainTxt="False" ><![CDATA[<CENTER>ParamName = <STRONG><FONT COLOR=#00AF00>Cost</FONT></STRONG><BR>RegExp = <STRONG><FONT COLOR=#00AF00>name="outboundFlight" value="\d+;([0-9]+)</FONT></STRONG><BR>Instance = <STRONG><FONT COLOR=#00AF00>All</FONT></STRONG></CENTER>]]></Details>
<Time><![CDATA[26.03.2022 - 1:23:32]]></Time>
<TimeTick>1648247012</TimeTick>
<NodeArgs eType="General" icon="4" nRep="107" >
<Disp><![CDATA[Service: Reg Save Param RegExp]]></Disp>
</NodeArgs>
</Step>
<Step rID="T94">
<Obj plainTxt="False" ><![CDATA[Submit Data: reservations.pl]]></Obj>
<Details plainTxt="False" ><![CDATA[<CENTER><STRONG><FONT COLOR=#009A63>Step completed successfully</FONT></STRONG></CENTER>]]></Details>
<Time><![CDATA[26.03.2022 - 1:23:32]]></Time>
<TimeTick>1648247012</TimeTick>
<NodeArgs eType="General" icon="6" nRep="108" status="Passed" >
<Disp><![CDATA[Submit Data: reservations.pl]]></Disp>
<BtmPane vType="HTMLSNSH" >
<Path><![CDATA[\Iteration6\t8.inf]]></Path>
</BtmPane>
</NodeArgs>
</Step>
<Step rID="T95">
<Obj plainTxt="False" ><![CDATA[Submit Data: reservations.pl_2]]></Obj>
<Details plainTxt="False" ><![CDATA[<CENTER><STRONG><FONT COLOR=#009A63>Step completed successfully</FONT></STRONG></CENTER>]]></Details>
<Time><![CDATA[26.03.2022 - 1:23:33]]></Time>
<TimeTick>1648247013</TimeTick>
<NodeArgs eType="General" icon="6" nRep="109" status="Passed" >
<Disp><![CDATA[Submit Data: reservations.pl_2]]></Disp>
<BtmPane vType="HTMLSNSH" >
<Path><![CDATA[\Iteration6\t9.inf]]></Path>
</BtmPane>
</NodeArgs>
</Step>
<Step rID="T96">
<Obj plainTxt="False" ><![CDATA[Submit Data: reservations.pl_3]]></Obj>
<Details plainTxt="False" ><![CDATA[<CENTER><STRONG><FONT COLOR=#009A63>Step completed successfully</FONT></STRONG></CENTER>]]></Details>
<Time><![CDATA[26.03.2022 - 1:23:33]]></Time>
<TimeTick>1648247013</TimeTick>
<NodeArgs eType="General" icon="6" nRep="110" status="Passed" >
<Disp><![CDATA[Submit Data: reservations.pl_3]]></Disp>
<BtmPane vType="HTMLSNSH" >
<Path><![CDATA[\Iteration6\t10.inf]]></Path>
</BtmPane>
</NodeArgs>
</Step>
<Step rID="T97">
<Obj plainTxt="False" ><![CDATA[Url: Itinerary Button]]></Obj>
<Details plainTxt="False" ><![CDATA[<CENTER><STRONG><FONT COLOR=#009A63>Step completed successfully</FONT></STRONG></CENTER>]]></Details>
<Time><![CDATA[26.03.2022 - 1:23:35]]></Time>
<TimeTick>1648247015</TimeTick>
<NodeArgs eType="General" icon="5" nRep="111" status="Passed" >
<Disp><![CDATA[Url: Itinerary Button]]></Disp>
<BtmPane vType="HTMLSNSH" >
<Path><![CDATA[\Iteration6\t11.inf]]></Path>
</BtmPane>
</NodeArgs>
</Step>
<Step rID="T98">
<Obj plainTxt="False" ><![CDATA[Url: SignOff Button]]></Obj>
<Details plainTxt="False" ><![CDATA[<CENTER><STRONG><FONT COLOR=#009A63>Step completed successfully</FONT></STRONG></CENTER>]]></Details>
<Time><![CDATA[26.03.2022 - 1:23:36]]></Time>
<TimeTick>1648247016</TimeTick>
<NodeArgs eType="General" icon="5" nRep="112" status="Passed" >
<Disp><![CDATA[Url: SignOff Button]]></Disp>
<BtmPane vType="HTMLSNSH" >
<Path><![CDATA[\Iteration6\t12.inf]]></Path>
</BtmPane>
</NodeArgs>
</Step>
<Summary sTime="26.03.2022 - 1:23:30" eTime="26.03.2022 - 1:23:36" passed="8" failed="0" warnings="0" ></Summary>
<NodeArgs eType="StartAction" icon="2" nRep="98" status="Passed" >
<Disp><![CDATA[Action Summary]]></Disp>
</NodeArgs>
</Action>
<NodeArgs eType="StartIteration" icon="3" nRep="97" status="Passed" >
<Disp><![CDATA[UC01_WebTours Iteration 6 (Row 6)]]></Disp>
</NodeArgs>
</DIter>
<DIter rID="T99" iterID="7" >
<Action rID="T100">
<AName><![CDATA[Action]]></AName>
<Step rID="T101">
<Obj plainTxt="False" ><![CDATA[Service: Reg Save Param RegExp]]></Obj>
<Details plainTxt="False" ><![CDATA[<CENTER>ParamName = <STRONG><FONT COLOR=#00AF00>userSession</FONT></STRONG><BR>RegExp = <STRONG><FONT COLOR=#00AF00>name="userSession" value="([^"]+)"/></FONT></STRONG><BR>Instance = <STRONG><FONT COLOR=#00AF00>1</FONT></STRONG></CENTER>]]></Details>
<Time><![CDATA[26.03.2022 - 1:23:36]]></Time>
<TimeTick>1648247016</TimeTick>
<NodeArgs eType="General" icon="4" nRep="117" >
<Disp><![CDATA[Service: Reg Save Param RegExp]]></Disp>
</NodeArgs>
</Step>
<Step rID="T102">
<Obj plainTxt="False" ><![CDATA[Url: WebTours]]></Obj>
<Details plainTxt="False" ><![CDATA[<CENTER><STRONG><FONT COLOR=#009A63>Step completed successfully</FONT></STRONG></CENTER>]]></Details>
<Time><![CDATA[26.03.2022 - 1:23:36]]></Time>
<TimeTick>1648247016</TimeTick>
<NodeArgs eType="General" icon="5" nRep="118" status="Passed" >
<Disp><![CDATA[Url: WebTours]]></Disp>
<BtmPane vType="HTMLSNSH" >
<Path><![CDATA[\Iteration7\t2.inf]]></Path>
</BtmPane>
</NodeArgs>
</Step>
<Step rID="T103">
<Obj plainTxt="False" ><![CDATA[Submit Data: login.pl]]></Obj>
<Details plainTxt="False" ><![CDATA[<CENTER><STRONG><FONT COLOR=#009A63>Step completed successfully</FONT></STRONG></CENTER>]]></Details>
<Time><![CDATA[26.03.2022 - 1:23:37]]></Time>
<TimeTick>1648247017</TimeTick>
<NodeArgs eType="General" icon="6" nRep="119" status="Passed" >
<Disp><![CDATA[Submit Data: login.pl]]></Disp>
<BtmPane vType="HTMLSNSH" >
<Path><![CDATA[\Iteration7\t3.inf]]></Path>
</BtmPane>
</NodeArgs>
</Step>
<Step rID="T104">
<Obj plainTxt="False" ><![CDATA[Service: Reg Save Param]]></Obj>
<Details plainTxt="False" ><![CDATA[<CENTER>ParamName =<STRONG><FONT COLOR=#00AF00>depart</FONT></STRONG><BR>Left Boundary = <STRONG><FONT COLOR=#00AF00>LB=<option value="</FONT></STRONG><BR>Right Boundary = <STRONG><FONT COLOR=#00AF00>RB="></FONT></STRONG><BR>Instance = <STRONG><FONT COLOR=#00AF00>Ord=ALL</FONT></STRONG></CENTER>]]></Details>
<Time><![CDATA[26.03.2022 - 1:23:37]]></Time>
<TimeTick>1648247017</TimeTick>
<NodeArgs eType="General" icon="4" nRep="120" >
<Disp><![CDATA[Service: Reg Save Param]]></Disp>
</NodeArgs>
</Step>
<Step rID="T105">
<Obj plainTxt="False" ><![CDATA[Service: Reg Save Param]]></Obj>
<Details plainTxt="False" ><![CDATA[<CENTER>ParamName =<STRONG><FONT COLOR=#00AF00>arrive</FONT></STRONG><BR>Left Boundary = <STRONG><FONT COLOR=#00AF00>LB=<option value="</FONT></STRONG><BR>Right Boundary = <STRONG><FONT COLOR=#00AF00>RB="></FONT></STRONG><BR>Instance = <STRONG><FONT COLOR=#00AF00>Ord=ALL</FONT></STRONG></CENTER>]]></Details>
<Time><![CDATA[26.03.2022 - 1:23:37]]></Time>
<TimeTick>1648247017</TimeTick>
<NodeArgs eType="General" icon="4" nRep="121" >
<Disp><![CDATA[Service: Reg Save Param]]></Disp>
</NodeArgs>
</Step>
<Step rID="T106">
<Obj plainTxt="False" ><![CDATA[Url: Search Flights Button]]></Obj>
<Details plainTxt="False" ><![CDATA[<CENTER><STRONG><FONT COLOR=#009A63>Step completed successfully</FONT></STRONG></CENTER>]]></Details>
<Time><![CDATA[26.03.2022 - 1:23:38]]></Time>
<TimeTick>1648247018</TimeTick>
<NodeArgs eType="General" icon="5" nRep="122" status="Passed" >
<Disp><![CDATA[Url: Search Flights Button]]></Disp>
<BtmPane vType="HTMLSNSH" >
<Path><![CDATA[\Iteration7\t4.inf]]></Path>
</BtmPane>
</NodeArgs>
</Step>
<Step rID="T107">
<Obj plainTxt="False" ><![CDATA[Service: Reg Save Param RegExp]]></Obj>
<Details plainTxt="False" ><![CDATA[<CENTER>ParamName = <STRONG><FONT COLOR=#00AF00>outboundFlight</FONT></STRONG><BR>RegExp = <STRONG><FONT COLOR=#00AF00>name="outboundFlight" value="([^"]+)"</FONT></STRONG><BR>Instance = <STRONG><FONT COLOR=#00AF00>All</FONT></STRONG></CENTER>]]></Details>
<Time><![CDATA[26.03.2022 - 1:23:38]]></Time>
<TimeTick>1648247018</TimeTick>
<NodeArgs eType="General" icon="4" nRep="123" >
<Disp><![CDATA[Service: Reg Save Param RegExp]]></Disp>
</NodeArgs>
</Step>
<Step rID="T108">
<Obj plainTxt="False" ><![CDATA[Service: Reg Save Param RegExp]]></Obj>
<Details plainTxt="False" ><![CDATA[<CENTER>ParamName = <STRONG><FONT COLOR=#00AF00>Price</FONT></STRONG><BR>RegExp = <STRONG><FONT COLOR=#00AF00>"center">(\$\s[0-9]+)</FONT></STRONG><BR>Instance = <STRONG><FONT COLOR=#00AF00>All</FONT></STRONG></CENTER>]]></Details>
<Time><![CDATA[26.03.2022 - 1:23:38]]></Time>
<TimeTick>1648247018</TimeTick>
<NodeArgs eType="General" icon="4" nRep="124" >
<Disp><![CDATA[Service: Reg Save Param RegExp]]></Disp>
</NodeArgs>
</Step>
<Step rID="T109">
<Obj plainTxt="False" ><![CDATA[Service: Reg Save Param RegExp]]></Obj>
<Details plainTxt="False" ><![CDATA[<CENTER>ParamName = <STRONG><FONT COLOR=#00AF00>Cost</FONT></STRONG><BR>RegExp = <STRONG><FONT COLOR=#00AF00>name="outboundFlight" value="\d+;([0-9]+)</FONT></STRONG><BR>Instance = <STRONG><FONT COLOR=#00AF00>All</FONT></STRONG></CENTER>]]></Details>
<Time><![CDATA[26.03.2022 - 1:23:38]]></Time>
<TimeTick>1648247018</TimeTick>
<NodeArgs eType="General" icon="4" nRep="125" >
<Disp><![CDATA[Service: Reg Save Param RegExp]]></Disp>
</NodeArgs>
</Step>
<Step rID="T110">
<Obj plainTxt="False" ><![CDATA[Submit Data: reservations.pl]]></Obj>
<Details plainTxt="False" ><![CDATA[<CENTER><STRONG><FONT COLOR=#009A63>Step completed successfully</FONT></STRONG></CENTER>]]></Details>
<Time><![CDATA[26.03.2022 - 1:23:38]]></Time>
<TimeTick>1648247018</TimeTick>
<NodeArgs eType="General" icon="6" nRep="126" status="Passed" >
<Disp><![CDATA[Submit Data: reservations.pl]]></Disp>
<BtmPane vType="HTMLSNSH" >
<Path><![CDATA[\Iteration7\t8.inf]]></Path>
</BtmPane>
</NodeArgs>
</Step>
<Step rID="T111">
<Obj plainTxt="False" ><![CDATA[Submit Data: reservations.pl_2]]></Obj>
<Details plainTxt="False" ><![CDATA[<CENTER><STRONG><FONT COLOR=#009A63>Step completed successfully</FONT></STRONG></CENTER>]]></Details>
<Time><![CDATA[26.03.2022 - 1:23:39]]></Time>
<TimeTick>1648247019</TimeTick>
<NodeArgs eType="General" icon="6" nRep="127" status="Passed" >
<Disp><![CDATA[Submit Data: reservations.pl_2]]></Disp>
<BtmPane vType="HTMLSNSH" >
<Path><![CDATA[\Iteration7\t9.inf]]></Path>
</BtmPane>
</NodeArgs>
</Step>
<Step rID="T112">
<Obj plainTxt="False" ><![CDATA[Submit Data: reservations.pl_3]]></Obj>
<Details plainTxt="False" ><![CDATA[<CENTER><STRONG><FONT COLOR=#009A63>Step completed successfully</FONT></STRONG></CENTER>]]></Details>
<Time><![CDATA[26.03.2022 - 1:23:39]]></Time>
<TimeTick>1648247019</TimeTick>
<NodeArgs eType="General" icon="6" nRep="128" status="Passed" >
<Disp><![CDATA[Submit Data: reservations.pl_3]]></Disp>
<BtmPane vType="HTMLSNSH" >
<Path><![CDATA[\Iteration7\t10.inf]]></Path>
</BtmPane>
</NodeArgs>
</Step>
<Step rID="T113">
<Obj plainTxt="False" ><![CDATA[Url: Itinerary Button]]></Obj>
<Details plainTxt="False" ><![CDATA[<CENTER><STRONG><FONT COLOR=#009A63>Step completed successfully</FONT></STRONG></CENTER>]]></Details>
<Time><![CDATA[26.03.2022 - 1:23:41]]></Time>
<TimeTick>1648247021</TimeTick>
<NodeArgs eType="General" icon="5" nRep="129" status="Passed" >
<Disp><![CDATA[Url: Itinerary Button]]></Disp>
<BtmPane vType="HTMLSNSH" >
<Path><![CDATA[\Iteration7\t11.inf]]></Path>
</BtmPane>
</NodeArgs>
</Step>
<Step rID="T114">
<Obj plainTxt="False" ><![CDATA[Url: SignOff Button]]></Obj>
<Details plainTxt="False" ><![CDATA[<CENTER><STRONG><FONT COLOR=#009A63>Step completed successfully</FONT></STRONG></CENTER>]]></Details>
<Time><![CDATA[26.03.2022 - 1:23:41]]></Time>
<TimeTick>1648247021</TimeTick>
<NodeArgs eType="General" icon="5" nRep="130" status="Passed" >
<Disp><![CDATA[Url: SignOff Button]]></Disp>
<BtmPane vType="HTMLSNSH" >
<Path><![CDATA[\Iteration7\t12.inf]]></Path>
</BtmPane>
</NodeArgs>
</Step>
<Summary sTime="26.03.2022 - 1:23:36" eTime="26.03.2022 - 1:23:42" passed="8" failed="0" warnings="0" ></Summary>
<NodeArgs eType="StartAction" icon="2" nRep="116" status="Passed" >
<Disp><![CDATA[Action Summary]]></Disp>
</NodeArgs>
</Action>
<NodeArgs eType="StartIteration" icon="3" nRep="115" status="Passed" >
<Disp><![CDATA[UC01_WebTours Iteration 7 (Row 7)]]></Disp>
</NodeArgs>
</DIter>
<Action rID="T115">
<AName><![CDATA[vuser_end]]></AName>
<Summary sTime="26.03.2022 - 1:23:42" eTime="26.03.2022 - 1:23:42" passed="0" failed="0" warnings="0" ></Summary>
<NodeArgs eType="StartAction" icon="2" nRep="133" >
<Disp><![CDATA[vuser_end Summary]]></Disp>
</NodeArgs>
</Action>
<Summary sTime="26.03.2022 - 1:23:05" eTime="26.03.2022 - 1:23:42" passed="56" failed="0" warnings="0" ></Summary>
<NodeArgs eType="StartTest" icon="1" nRep="4" status="Passed" >
<Disp><![CDATA[Test UC01_WebTours Summary]]></Disp>
</NodeArgs>
</Doc>
</Report>