[
    {
        "transactionName": "UC01_T01_OpenStartPage",
        "rawStartTime": 1648246986007,
        "rawEndTime": 1648246986705
    },
    {
        "transactionName": "UC01_T02_Login",
        "rawStartTime": 1648246986706,
        "rawEndTime": 1648246987164
    },
    {
        "transactionName": "UC01_T03_ChangeTabToFlights",
        "rawStartTime": 1648246987165,
        "rawEndTime": 1648246987805
    },
    {
        "transactionName": "UC01_T04_SelectCity",
        "rawStartTime": 1648246987807,
        "rawEndTime": 1648246988259
    },
    {
        "transactionName": "UC01_T05_SelectTicket",
        "rawStartTime": 1648246988261,
        "rawEndTime": 1648246988719
    },
    {
        "transactionName": "UC01_T06_PaymentDetails",
        "rawStartTime": 1648246988720,
        "rawEndTime": 1648246989204
    },
    {
        "transactionName": "UC01_T07_ChangeTabToItinerary",
        "rawStartTime": 1648246989206,
        "rawEndTime": 1648246990401
    },
    {
        "transactionName": "UC01_T08_Logout",
        "rawStartTime": 1648246990406,
        "rawEndTime": 1648246990800
    }
]