[
    {
        "transactionName": "UC01_T01_OpenStartPage",
        "rawStartTime": 1648247016194,
        "rawEndTime": 1648247016676
    },
    {
        "transactionName": "UC01_T02_Login",
        "rawStartTime": 1648247016677,
        "rawEndTime": 1648247017311
    },
    {
        "transactionName": "UC01_T03_ChangeTabToFlights",
        "rawStartTime": 1648247017312,
        "rawEndTime": 1648247018244
    },
    {
        "transactionName": "UC01_T04_SelectCity",
        "rawStartTime": 1648247018265,
        "rawEndTime": 1648247018826
    },
    {
        "transactionName": "UC01_T05_SelectTicket",
        "rawStartTime": 1648247018827,
        "rawEndTime": 1648247019311
    },
    {
        "transactionName": "UC01_T06_PaymentDetails",
        "rawStartTime": 1648247019329,
        "rawEndTime": 1648247019787
    },
    {
        "transactionName": "UC01_T07_ChangeTabToItinerary",
        "rawStartTime": 1648247019790,
        "rawEndTime": 1648247021470
    },
    {
        "transactionName": "UC01_T08_Logout",
        "rawStartTime": 1648247021471,
        "rawEndTime": 1648247021960
    }
]