[
    {
        "transactionName": "UC01_T01_OpenStartPage",
        "rawStartTime": 1648247010460,
        "rawEndTime": 1648247011137
    },
    {
        "transactionName": "UC01_T02_Login",
        "rawStartTime": 1648247011140,
        "rawEndTime": 1648247011744
    },
    {
        "transactionName": "UC01_T03_ChangeTabToFlights",
        "rawStartTime": 1648247011745,
        "rawEndTime": 1648247012393
    },
    {
        "transactionName": "UC01_T04_SelectCity",
        "rawStartTime": 1648247012405,
        "rawEndTime": 1648247012841
    },
    {
        "transactionName": "UC01_T05_SelectTicket",
        "rawStartTime": 1648247012844,
        "rawEndTime": 1648247013282
    },
    {
        "transactionName": "UC01_T06_PaymentDetails",
        "rawStartTime": 1648247013282,
        "rawEndTime": 1648247013871
    },
    {
        "transactionName": "UC01_T07_ChangeTabToItinerary",
        "rawStartTime": 1648247013872,
        "rawEndTime": 1648247015540
    },
    {
        "transactionName": "UC01_T08_Logout",
        "rawStartTime": 1648247015547,
        "rawEndTime": 1648247016156
    }
]