[
    {
        "transactionName": "UC01_T01_OpenStartPage",
        "rawStartTime": 1648247004193,
        "rawEndTime": 1648247004700
    },
    {
        "transactionName": "UC01_T02_Login",
        "rawStartTime": 1648247004700,
        "rawEndTime": 1648247005341
    },
    {
        "transactionName": "UC01_T03_ChangeTabToFlights",
        "rawStartTime": 1648247005343,
        "rawEndTime": 1648247006332
    },
    {
        "transactionName": "UC01_T04_SelectCity",
        "rawStartTime": 1648247006367,
        "rawEndTime": 1648247007028
    },
    {
        "transactionName": "UC01_T05_SelectTicket",
        "rawStartTime": 1648247007029,
        "rawEndTime": 1648247007530
    },
    {
        "transactionName": "UC01_T06_PaymentDetails",
        "rawStartTime": 1648247007536,
        "rawEndTime": 1648247008168
    },
    {
        "transactionName": "UC01_T07_ChangeTabToItinerary",
        "rawStartTime": 1648247008168,
        "rawEndTime": 1648247009719
    },
    {
        "transactionName": "UC01_T08_Logout",
        "rawStartTime": 1648247009720,
        "rawEndTime": 1648247010433
    }
]